No.,Channel Alias,Carrier Squelch Level,Channel Spacing [KHz],Personality List,Scan/Roam/Vote List,Auto Start Scan,Rx Only,Talk Around,Lone Worker,VOX,Receive Frequency [MHz],Rx CTCSS/CDCSS Type,CTCSS/CDCSS Type,Rx Ref Frequency,Rx Squelch Mode,Monitor Squelch Mode,Channel Switch Squelch Mode,Transmit Frequency [MHz],Tx CTCSS/CDCSS Type,CTCSS/CDCSS Type,Tx Ref Frequency,Power Level,Tx Admit,Emergency System,CTCSS Tail Revert,Tx Time-Out Time [s],TOT Re-Key Time [s],TOT Pre-Alert Time [s],CTCSS Tail Revert Option [Radians],Scan/Roam/Vote Mode,Auto Start Roam,Auto Start Voting
1,Spare GPS 01,Normal,12.5,Personality 1,None,Off,Off,Off,Off,Off,450,NONE,NONE,Middle,CTCSS/CDCSS and Audio,Carrier,RX Squelch Mode,450,NONE,NONE,Middle,High,Aways Allow,Analog Sys 1,Off,60,0,0,180,None,Off,Off
2,Spare GPS 03,Normal,12.5,Personality 1,None,Off,Off,Off,Off,Off,450,NONE,NONE,Middle,CTCSS/CDCSS and Audio,Carrier,RX Squelch Mode,450,NONE,NONE,Middle,High,Aways Allow,Analog Sys 1,Off,60,0,0,180,None,Off,Off
3,Spare GPS 04,Normal,12.5,Personality 1,None,Off,Off,Off,Off,Off,450,NONE,NONE,Middle,CTCSS/CDCSS and Audio,Carrier,RX Squelch Mode,450,NONE,NONE,Middle,High,Aways Allow,Analog Sys 1,Off,60,0,0,180,None,Off,Off
4,Spare GPS 05,Normal,12.5,Personality 1,None,Off,Off,Off,Off,Off,450,NONE,NONE,Middle,CTCSS/CDCSS and Audio,Carrier,RX Squelch Mode,450,NONE,NONE,Middle,High,Aways Allow,Analog Sys 1,Off,60,0,0,180,None,Off,Off
5,Spare GPS 06,Normal,12.5,Personality 1,None,Off,Off,Off,Off,Off,450,NONE,NONE,Middle,CTCSS/CDCSS and Audio,Carrier,RX Squelch Mode,450,NONE,NONE,Middle,High,Aways Allow,Analog Sys 1,Off,60,0,0,180,None,Off,Off
6,Spare GPS 07,Normal,12.5,Personality 1,None,Off,Off,Off,Off,Off,450,NONE,NONE,Middle,CTCSS/CDCSS and Audio,Carrier,RX Squelch Mode,450,NONE,NONE,Middle,High,Aways Allow,Analog Sys 1,Off,60,0,0,180,None,Off,Off
7,Spare GPS 08,Normal,12.5,Personality 1,None,Off,Off,Off,Off,Off,450,NONE,NONE,Middle,CTCSS/CDCSS and Audio,Carrier,RX Squelch Mode,450,NONE,NONE,Middle,High,Aways Allow,Analog Sys 1,Off,60,0,0,180,None,Off,Off
8,Spare GPS 09,Normal,12.5,Personality 1,None,Off,Off,Off,Off,Off,450,NONE,NONE,Middle,CTCSS/CDCSS and Audio,Carrier,RX Squelch Mode,450,NONE,NONE,Middle,High,Aways Allow,Analog Sys 1,Off,60,0,0,180,None,Off,Off
9,Spare GPS 10,Normal,12.5,Personality 1,None,Off,Off,Off,Off,Off,450,NONE,NONE,Middle,CTCSS/CDCSS and Audio,Carrier,RX Squelch Mode,450,NONE,NONE,Middle,High,Aways Allow,Analog Sys 1,Off,60,0,0,180,None,Off,Off
10,Spare GPS 11,Normal,12.5,Personality 1,None,Off,Off,Off,Off,Off,450,NONE,NONE,Middle,CTCSS/CDCSS and Audio,Carrier,RX Squelch Mode,450,NONE,NONE,Middle,High,Aways Allow,Analog Sys 1,Off,60,0,0,180,None,Off,Off
11,Spare GPS 12,Normal,12.5,Personality 1,None,Off,Off,Off,Off,Off,450,NONE,NONE,Middle,CTCSS/CDCSS and Audio,Carrier,RX Squelch Mode,450,NONE,NONE,Middle,High,Aways Allow,Analog Sys 1,Off,60,0,0,180,None,Off,Off
12,Spare GPS 13,Normal,12.5,Personality 1,None,Off,Off,Off,Off,Off,450,NONE,NONE,Middle,CTCSS/CDCSS and Audio,Carrier,RX Squelch Mode,450,NONE,NONE,Middle,High,Aways Allow,Analog Sys 1,Off,60,0,0,180,None,Off,Off
13,Spare GPS 14,Normal,12.5,Personality 1,None,Off,Off,Off,Off,Off,450,NONE,NONE,Middle,CTCSS/CDCSS and Audio,Carrier,RX Squelch Mode,450,NONE,NONE,Middle,High,Aways Allow,Analog Sys 1,Off,60,0,0,180,None,Off,Off
14,Spare GPS 15,Normal,12.5,Personality 1,None,Off,Off,Off,Off,Off,450,NONE,NONE,Middle,CTCSS/CDCSS and Audio,Carrier,RX Squelch Mode,450,NONE,NONE,Middle,High,Aways Allow,Analog Sys 1,Off,60,0,0,180,None,Off,Off
15,Spare GPS 16,Normal,12.5,Personality 1,None,Off,Off,Off,Off,Off,450,NONE,NONE,Middle,CTCSS/CDCSS and Audio,Carrier,RX Squelch Mode,450,NONE,NONE,Middle,High,Aways Allow,Analog Sys 1,Off,60,0,0,180,None,Off,Off
16,Spare GPS 17,Normal,12.5,Personality 1,None,Off,Off,Off,Off,Off,450,NONE,NONE,Middle,CTCSS/CDCSS and Audio,Carrier,RX Squelch Mode,450,NONE,NONE,Middle,High,Aways Allow,Analog Sys 1,Off,60,0,0,180,None,Off,Off
17,Spare GPS 18,Normal,12.5,Personality 1,None,Off,Off,Off,Off,Off,450,NONE,NONE,Middle,CTCSS/CDCSS and Audio,Carrier,RX Squelch Mode,450,NONE,NONE,Middle,High,Aways Allow,Analog Sys 1,Off,60,0,0,180,None,Off,Off
18,Spare GPS 19,Normal,12.5,Personality 1,None,Off,Off,Off,Off,Off,450,NONE,NONE,Middle,CTCSS/CDCSS and Audio,Carrier,RX Squelch Mode,450,NONE,NONE,Middle,High,Aways Allow,Analog Sys 1,Off,60,0,0,180,None,Off,Off
19,Spare GPS 20,Normal,12.5,Personality 1,None,Off,Off,Off,Off,Off,450,NONE,NONE,Middle,CTCSS/CDCSS and Audio,Carrier,RX Squelch Mode,450,NONE,NONE,Middle,High,Aways Allow,Analog Sys 1,Off,60,0,0,180,None,Off,Off
20,Spare GPS 21,Normal,12.5,Personality 1,None,Off,Off,Off,Off,Off,450,NONE,NONE,Middle,CTCSS/CDCSS and Audio,Carrier,RX Squelch Mode,450,NONE,NONE,Middle,High,Aways Allow,Analog Sys 1,Off,60,0,0,180,None,Off,Off
21,Spare GPS 22,Normal,12.5,Personality 1,None,Off,Off,Off,Off,Off,450,NONE,NONE,Middle,CTCSS/CDCSS and Audio,Carrier,RX Squelch Mode,450,NONE,NONE,Middle,High,Aways Allow,Analog Sys 1,Off,60,0,0,180,None,Off,Off
22,Spare GPS 23,Normal,12.5,Personality 1,None,Off,Off,Off,Off,Off,450,NONE,NONE,Middle,CTCSS/CDCSS and Audio,Carrier,RX Squelch Mode,450,NONE,NONE,Middle,High,Aways Allow,Analog Sys 1,Off,60,0,0,180,None,Off,Off
23,Spare GPS 24,Normal,12.5,Personality 1,None,Off,Off,Off,Off,Off,450,NONE,NONE,Middle,CTCSS/CDCSS and Audio,Carrier,RX Squelch Mode,450,NONE,NONE,Middle,High,Aways Allow,Analog Sys 1,Off,60,0,0,180,None,Off,Off
24,Spare GPS 25,Normal,12.5,Personality 1,None,Off,Off,Off,Off,Off,450,NONE,NONE,Middle,CTCSS/CDCSS and Audio,Carrier,RX Squelch Mode,450,NONE,NONE,Middle,High,Aways Allow,Analog Sys 1,Off,60,0,0,180,None,Off,Off
25,Spare GPS 26,Normal,12.5,Personality 1,None,Off,Off,Off,Off,Off,450,NONE,NONE,Middle,CTCSS/CDCSS and Audio,Carrier,RX Squelch Mode,450,NONE,NONE,Middle,High,Aways Allow,Analog Sys 1,Off,60,0,0,180,None,Off,Off
26,Spare GPS 27,Normal,12.5,Personality 1,None,Off,Off,Off,Off,Off,450,NONE,NONE,Middle,CTCSS/CDCSS and Audio,Carrier,RX Squelch Mode,450,NONE,NONE,Middle,High,Aways Allow,Analog Sys 1,Off,60,0,0,180,None,Off,Off
27,Spare GPS 28,Normal,12.5,Personality 1,None,Off,Off,Off,Off,Off,450,NONE,NONE,Middle,CTCSS/CDCSS and Audio,Carrier,RX Squelch Mode,450,NONE,NONE,Middle,High,Aways Allow,Analog Sys 1,Off,60,0,0,180,None,Off,Off
28,Spare GPS 29,Normal,12.5,Personality 1,None,Off,Off,Off,Off,Off,450,NONE,NONE,Middle,CTCSS/CDCSS and Audio,Carrier,RX Squelch Mode,450,NONE,NONE,Middle,High,Aways Allow,Analog Sys 1,Off,60,0,0,180,None,Off,Off
29,Spare GPS 30,Normal,12.5,Personality 1,None,Off,Off,Off,Off,Off,450,NONE,NONE,Middle,CTCSS/CDCSS and Audio,Carrier,RX Squelch Mode,450,NONE,NONE,Middle,High,Aways Allow,Analog Sys 1,Off,60,0,0,180,None,Off,Off
30,Spare GPS 31,Normal,12.5,Personality 1,None,Off,Off,Off,Off,Off,450,NONE,NONE,Middle,CTCSS/CDCSS and Audio,Carrier,RX Squelch Mode,450,NONE,NONE,Middle,High,Aways Allow,Analog Sys 1,Off,60,0,0,180,None,Off,Off
31,Spare GPS 32,Normal,12.5,Personality 1,None,Off,Off,Off,Off,Off,450,NONE,NONE,Middle,CTCSS/CDCSS and Audio,Carrier,RX Squelch Mode,450,NONE,NONE,Middle,High,Aways Allow,Analog Sys 1,Off,60,0,0,180,None,Off,Off
32,Spare GPS 33,Normal,12.5,Personality 1,None,Off,Off,Off,Off,Off,450,NONE,NONE,Middle,CTCSS/CDCSS and Audio,Carrier,RX Squelch Mode,450,NONE,NONE,Middle,High,Aways Allow,Analog Sys 1,Off,60,0,0,180,None,Off,Off
33,Spare GPS 34,Normal,12.5,Personality 1,None,Off,Off,Off,Off,Off,450,NONE,NONE,Middle,CTCSS/CDCSS and Audio,Carrier,RX Squelch Mode,450,NONE,NONE,Middle,High,Aways Allow,Analog Sys 1,Off,60,0,0,180,None,Off,Off
34,Spare GPS 35,Normal,12.5,Personality 1,None,Off,Off,Off,Off,Off,450,NONE,NONE,Middle,CTCSS/CDCSS and Audio,Carrier,RX Squelch Mode,450,NONE,NONE,Middle,High,Aways Allow,Analog Sys 1,Off,60,0,0,180,None,Off,Off
35,Spare GPS 36,Normal,12.5,Personality 1,None,Off,Off,Off,Off,Off,450,NONE,NONE,Middle,CTCSS/CDCSS and Audio,Carrier,RX Squelch Mode,450,NONE,NONE,Middle,High,Aways Allow,Analog Sys 1,Off,60,0,0,180,None,Off,Off
36,Spare GPS 37,Normal,12.5,Personality 1,None,Off,Off,Off,Off,Off,450,NONE,NONE,Middle,CTCSS/CDCSS and Audio,Carrier,RX Squelch Mode,450,NONE,NONE,Middle,High,Aways Allow,Analog Sys 1,Off,60,0,0,180,None,Off,Off
37,Spare GPS 38,Normal,12.5,Personality 1,None,Off,Off,Off,Off,Off,450,NONE,NONE,Middle,CTCSS/CDCSS and Audio,Carrier,RX Squelch Mode,450,NONE,NONE,Middle,High,Aways Allow,Analog Sys 1,Off,60,0,0,180,None,Off,Off
38,Spare GPS 39,Normal,12.5,Personality 1,None,Off,Off,Off,Off,Off,450,NONE,NONE,Middle,CTCSS/CDCSS and Audio,Carrier,RX Squelch Mode,450,NONE,NONE,Middle,High,Aways Allow,Analog Sys 1,Off,60,0,0,180,None,Off,Off
39,Spare GPS 40,Normal,12.5,Personality 1,None,Off,Off,Off,Off,Off,450,NONE,NONE,Middle,CTCSS/CDCSS and Audio,Carrier,RX Squelch Mode,450,NONE,NONE,Middle,High,Aways Allow,Analog Sys 1,Off,60,0,0,180,None,Off,Off
40,Spare GPS 41,Normal,12.5,Personality 1,None,Off,Off,Off,Off,Off,450,NONE,NONE,Middle,CTCSS/CDCSS and Audio,Carrier,RX Squelch Mode,450,NONE,NONE,Middle,High,Aways Allow,Analog Sys 1,Off,60,0,0,180,None,Off,Off
41,Spare GPS 42,Normal,12.5,Personality 1,None,Off,Off,Off,Off,Off,450,NONE,NONE,Middle,CTCSS/CDCSS and Audio,Carrier,RX Squelch Mode,450,NONE,NONE,Middle,High,Aways Allow,Analog Sys 1,Off,60,0,0,180,None,Off,Off
42,Spare GPS 43,Normal,12.5,Personality 1,None,Off,Off,Off,Off,Off,450,NONE,NONE,Middle,CTCSS/CDCSS and Audio,Carrier,RX Squelch Mode,450,NONE,NONE,Middle,High,Aways Allow,Analog Sys 1,Off,60,0,0,180,None,Off,Off
43,Spare GPS 44,Normal,12.5,Personality 1,None,Off,Off,Off,Off,Off,450,NONE,NONE,Middle,CTCSS/CDCSS and Audio,Carrier,RX Squelch Mode,450,NONE,NONE,Middle,High,Aways Allow,Analog Sys 1,Off,60,0,0,180,None,Off,Off
44,Spare GPS 45,Normal,12.5,Personality 1,None,Off,Off,Off,Off,Off,450,NONE,NONE,Middle,CTCSS/CDCSS and Audio,Carrier,RX Squelch Mode,450,NONE,NONE,Middle,High,Aways Allow,Analog Sys 1,Off,60,0,0,180,None,Off,Off
45,Spare GPS 46,Normal,12.5,Personality 1,None,Off,Off,Off,Off,Off,450,NONE,NONE,Middle,CTCSS/CDCSS and Audio,Carrier,RX Squelch Mode,450,NONE,NONE,Middle,High,Aways Allow,Analog Sys 1,Off,60,0,0,180,None,Off,Off
46,Spare GPS 47,Normal,12.5,Personality 1,None,Off,Off,Off,Off,Off,450,NONE,NONE,Middle,CTCSS/CDCSS and Audio,Carrier,RX Squelch Mode,450,NONE,NONE,Middle,High,Aways Allow,Analog Sys 1,Off,60,0,0,180,None,Off,Off
47,Spare GPS 48,Normal,12.5,Personality 1,None,Off,Off,Off,Off,Off,450,NONE,NONE,Middle,CTCSS/CDCSS and Audio,Carrier,RX Squelch Mode,450,NONE,NONE,Middle,High,Aways Allow,Analog Sys 1,Off,60,0,0,180,None,Off,Off
48,Spare GPS 49,Normal,12.5,Personality 1,None,Off,Off,Off,Off,Off,450,NONE,NONE,Middle,CTCSS/CDCSS and Audio,Carrier,RX Squelch Mode,450,NONE,NONE,Middle,High,Aways Allow,Analog Sys 1,Off,60,0,0,180,None,Off,Off
49,Spare GPS 50,Normal,12.5,Personality 1,None,Off,Off,Off,Off,Off,450,NONE,NONE,Middle,CTCSS/CDCSS and Audio,Carrier,RX Squelch Mode,450,NONE,NONE,Middle,High,Aways Allow,Analog Sys 1,Off,60,0,0,180,None,Off,Off
50,Spare GPS 51,Normal,12.5,Personality 1,None,Off,Off,Off,Off,Off,450,NONE,NONE,Middle,CTCSS/CDCSS and Audio,Carrier,RX Squelch Mode,450,NONE,NONE,Middle,High,Aways Allow,Analog Sys 1,Off,60,0,0,180,None,Off,Off
51,Spare GPS 52,Normal,12.5,Personality 1,None,Off,Off,Off,Off,Off,450,NONE,NONE,Middle,CTCSS/CDCSS and Audio,Carrier,RX Squelch Mode,450,NONE,NONE,Middle,High,Aways Allow,Analog Sys 1,Off,60,0,0,180,None,Off,Off
52,Spare GPS 53,Normal,12.5,Personality 1,None,Off,Off,Off,Off,Off,450,NONE,NONE,Middle,CTCSS/CDCSS and Audio,Carrier,RX Squelch Mode,450,NONE,NONE,Middle,High,Aways Allow,Analog Sys 1,Off,60,0,0,180,None,Off,Off
53,Spare GPS 54,Normal,12.5,Personality 1,None,Off,Off,Off,Off,Off,450,NONE,NONE,Middle,CTCSS/CDCSS and Audio,Carrier,RX Squelch Mode,450,NONE,NONE,Middle,High,Aways Allow,Analog Sys 1,Off,60,0,0,180,None,Off,Off
54,Spare GPS 55,Normal,12.5,Personality 1,None,Off,Off,Off,Off,Off,450,NONE,NONE,Middle,CTCSS/CDCSS and Audio,Carrier,RX Squelch Mode,450,NONE,NONE,Middle,High,Aways Allow,Analog Sys 1,Off,60,0,0,180,None,Off,Off
55,Spare GPS 56,Normal,12.5,Personality 1,None,Off,Off,Off,Off,Off,450,NONE,NONE,Middle,CTCSS/CDCSS and Audio,Carrier,RX Squelch Mode,450,NONE,NONE,Middle,High,Aways Allow,Analog Sys 1,Off,60,0,0,180,None,Off,Off
56,Spare GPS 57,Normal,12.5,Personality 1,None,Off,Off,Off,Off,Off,450,NONE,NONE,Middle,CTCSS/CDCSS and Audio,Carrier,RX Squelch Mode,450,NONE,NONE,Middle,High,Aways Allow,Analog Sys 1,Off,60,0,0,180,None,Off,Off
57,Spare GPS 58,Normal,12.5,Personality 1,None,Off,Off,Off,Off,Off,450,NONE,NONE,Middle,CTCSS/CDCSS and Audio,Carrier,RX Squelch Mode,450,NONE,NONE,Middle,High,Aways Allow,Analog Sys 1,Off,60,0,0,180,None,Off,Off
58,Spare GPS 59,Normal,12.5,Personality 1,None,Off,Off,Off,Off,Off,450,NONE,NONE,Middle,CTCSS/CDCSS and Audio,Carrier,RX Squelch Mode,450,NONE,NONE,Middle,High,Aways Allow,Analog Sys 1,Off,60,0,0,180,None,Off,Off
59,Spare GPS 60,Normal,12.5,Personality 1,None,Off,Off,Off,Off,Off,450,NONE,NONE,Middle,CTCSS/CDCSS and Audio,Carrier,RX Squelch Mode,450,NONE,NONE,Middle,High,Aways Allow,Analog Sys 1,Off,60,0,0,180,None,Off,Off
60,Spare GPS 61,Normal,12.5,Personality 1,None,Off,Off,Off,Off,Off,450,NONE,NONE,Middle,CTCSS/CDCSS and Audio,Carrier,RX Squelch Mode,450,NONE,NONE,Middle,High,Aways Allow,Analog Sys 1,Off,60,0,0,180,None,Off,Off
61,Spare GPS 62,Normal,12.5,Personality 1,None,Off,Off,Off,Off,Off,450,NONE,NONE,Middle,CTCSS/CDCSS and Audio,Carrier,RX Squelch Mode,450,NONE,NONE,Middle,High,Aways Allow,Analog Sys 1,Off,60,0,0,180,None,Off,Off
62,Spare GPS 63,Normal,12.5,Personality 1,None,Off,Off,Off,Off,Off,450,NONE,NONE,Middle,CTCSS/CDCSS and Audio,Carrier,RX Squelch Mode,450,NONE,NONE,Middle,High,Aways Allow,Analog Sys 1,Off,60,0,0,180,None,Off,Off
63,Spare GPS 64,Normal,12.5,Personality 1,None,Off,Off,Off,Off,Off,450,NONE,NONE,Middle,CTCSS/CDCSS and Audio,Carrier,RX Squelch Mode,450,NONE,NONE,Middle,High,Aways Allow,Analog Sys 1,Off,60,0,0,180,None,Off,Off
64,1 GMRS 462.5625,Normal,12.5,Personality 1,None,Off,Off,Off,Off,Off,462.5625,NONE,NONE,Middle,CTCSS/CDCSS and Audio,Carrier,RX Squelch Mode,462.5625,NONE,NONE,Middle,High,Aways Allow,Analog Sys 1,Off,60,0,0,180,None,Off,Off
65,2 GMRS 462.5875,Normal,12.5,Personality 1,None,Off,Off,Off,Off,Off,462.5875,NONE,NONE,Middle,CTCSS/CDCSS and Audio,Carrier,RX Squelch Mode,462.5875,NONE,NONE,Middle,High,Aways Allow,Analog Sys 1,Off,60,0,0,180,None,Off,Off
66,3 GMRS 462.6125,Normal,12.5,Personality 1,None,Off,Off,Off,Off,Off,462.6125,NONE,NONE,Middle,CTCSS/CDCSS and Audio,Carrier,RX Squelch Mode,462.6125,NONE,NONE,Middle,High,Aways Allow,Analog Sys 1,Off,60,0,0,180,None,Off,Off
67,4 GMRS 462.6375,Normal,12.5,Personality 1,None,Off,Off,Off,Off,Off,462.6375,NONE,NONE,Middle,CTCSS/CDCSS and Audio,Carrier,RX Squelch Mode,462.6375,NONE,NONE,Middle,High,Aways Allow,Analog Sys 1,Off,60,0,0,180,None,Off,Off
68,5 GMRS 462.6625,Normal,12.5,Personality 1,None,Off,Off,Off,Off,Off,462.6625,NONE,NONE,Middle,CTCSS/CDCSS and Audio,Carrier,RX Squelch Mode,462.6625,NONE,NONE,Middle,High,Aways Allow,Analog Sys 1,Off,60,0,0,180,None,Off,Off
69,6 GMRS 462.6875,Normal,12.5,Personality 1,None,Off,Off,Off,Off,Off,462.6875,NONE,NONE,Middle,CTCSS/CDCSS and Audio,Carrier,RX Squelch Mode,462.6875,NONE,NONE,Middle,High,Aways Allow,Analog Sys 1,Off,60,0,0,180,None,Off,Off
70,7 GMRS 462.7125,Normal,12.5,Personality 1,None,Off,Off,Off,Off,Off,462.7125,NONE,NONE,Middle,CTCSS/CDCSS and Audio,Carrier,RX Squelch Mode,462.7125,NONE,NONE,Middle,High,Aways Allow,Analog Sys 1,Off,60,0,0,180,None,Off,Off
71,8 GMRS 467.5625,Normal,12.5,Personality 1,None,Off,Off,Off,Off,Off,467.5625,NONE,NONE,Middle,CTCSS/CDCSS and Audio,Carrier,RX Squelch Mode,467.5625,NONE,NONE,Middle,High,Aways Allow,Analog Sys 1,Off,60,0,0,180,None,Off,Off
72,9 GMRS 467.5875,Normal,12.5,Personality 1,None,Off,Off,Off,Off,Off,467.5875,NONE,NONE,Middle,CTCSS/CDCSS and Audio,Carrier,RX Squelch Mode,467.5875,NONE,NONE,Middle,High,Aways Allow,Analog Sys 1,Off,60,0,0,180,None,Off,Off
73,10 GMRS 467.6125,Normal,12.5,Personality 1,None,Off,Off,Off,Off,Off,467.6125,NONE,NONE,Middle,CTCSS/CDCSS and Audio,Carrier,RX Squelch Mode,467.6125,NONE,NONE,Middle,High,Aways Allow,Analog Sys 1,Off,60,0,0,180,None,Off,Off
74,11 GMRS 467.6375,Normal,12.5,Personality 1,None,Off,Off,Off,Off,Off,467.6375,NONE,NONE,Middle,CTCSS/CDCSS and Audio,Carrier,RX Squelch Mode,467.6375,NONE,NONE,Middle,High,Aways Allow,Analog Sys 1,Off,60,0,0,180,None,Off,Off
75,12 GMRS 467.6625,Normal,12.5,Personality 1,None,Off,Off,Off,Off,Off,467.6625,NONE,NONE,Middle,CTCSS/CDCSS and Audio,Carrier,RX Squelch Mode,467.6625,NONE,NONE,Middle,High,Aways Allow,Analog Sys 1,Off,60,0,0,180,None,Off,Off
76,13 GMRS 467.6875,Normal,12.5,Personality 1,None,Off,Off,Off,Off,Off,467.6875,NONE,NONE,Middle,CTCSS/CDCSS and Audio,Carrier,RX Squelch Mode,467.6875,NONE,NONE,Middle,High,Aways Allow,Analog Sys 1,Off,60,0,0,180,None,Off,Off
77,14 GMRS 467.7125,Normal,12.5,Personality 1,None,Off,Off,Off,Off,Off,467.7125,NONE,NONE,Middle,CTCSS/CDCSS and Audio,Carrier,RX Squelch Mode,467.7125,NONE,NONE,Middle,High,Aways Allow,Analog Sys 1,Off,60,0,0,180,None,Off,Off
78,15 GMRS 462.5500,Normal,12.5,Personality 1,None,Off,Off,Off,Off,Off,462.55,NONE,NONE,Middle,CTCSS/CDCSS and Audio,Carrier,RX Squelch Mode,462.55,NONE,NONE,Middle,High,Aways Allow,Analog Sys 1,Off,60,0,0,180,None,Off,Off
79,16 GMRS 462.5750,Normal,12.5,Personality 1,None,Off,Off,Off,Off,Off,462.575,NONE,NONE,Middle,CTCSS/CDCSS and Audio,Carrier,RX Squelch Mode,462.575,NONE,NONE,Middle,High,Aways Allow,Analog Sys 1,Off,60,0,0,180,None,Off,Off
80,17 GMRS 462.6000,Normal,12.5,Personality 1,None,Off,Off,Off,Off,Off,462.6,NONE,NONE,Middle,CTCSS/CDCSS and Audio,Carrier,RX Squelch Mode,462.6,NONE,NONE,Middle,High,Aways Allow,Analog Sys 1,Off,60,0,0,180,None,Off,Off
81,18 GMRS 462.6250,Normal,12.5,Personality 1,None,Off,Off,Off,Off,Off,462.625,NONE,NONE,Middle,CTCSS/CDCSS and Audio,Carrier,RX Squelch Mode,462.625,NONE,NONE,Middle,High,Aways Allow,Analog Sys 1,Off,60,0,0,180,None,Off,Off
82,19 GMRS 462.6500,Normal,12.5,Personality 1,None,Off,Off,Off,Off,Off,462.65,NONE,NONE,Middle,CTCSS/CDCSS and Audio,Carrier,RX Squelch Mode,462.65,NONE,NONE,Middle,High,Aways Allow,Analog Sys 1,Off,60,0,0,180,None,Off,Off
83,20 GMRS 462.6750,Normal,12.5,Personality 1,None,Off,Off,Off,Off,Off,462.675,NONE,NONE,Middle,CTCSS/CDCSS and Audio,Carrier,RX Squelch Mode,462.675,NONE,NONE,Middle,High,Aways Allow,Analog Sys 1,Off,60,0,0,180,None,Off,Off
84,21 GMRS 462.7000,Normal,12.5,Personality 1,None,Off,Off,Off,Off,Off,462.7,NONE,NONE,Middle,CTCSS/CDCSS and Audio,Carrier,RX Squelch Mode,462.7,NONE,NONE,Middle,High,Aways Allow,Analog Sys 1,Off,60,0,0,180,None,Off,Off
85,22 GMRS 462.7250,Normal,12.5,Personality 1,None,Off,Off,Off,Off,Off,462.725,NONE,NONE,Middle,CTCSS/CDCSS and Audio,Carrier,RX Squelch Mode,462.725,NONE,NONE,Middle,High,Aways Allow,Analog Sys 1,Off,60,0,0,180,None,Off,Off
86,15R GMRS 467.550,Normal,12.5,Personality 1,None,Off,Off,Off,Off,Off,462.55,NONE,NONE,Middle,CTCSS/CDCSS and Audio,Carrier,RX Squelch Mode,467.55,NONE,NONE,Middle,High,Aways Allow,Analog Sys 1,Off,60,0,0,180,None,Off,Off
87,16R GMRS 467.575,Normal,12.5,Personality 1,None,Off,Off,Off,Off,Off,462.575,NONE,NONE,Middle,CTCSS/CDCSS and Audio,Carrier,RX Squelch Mode,467.575,NONE,NONE,Middle,High,Aways Allow,Analog Sys 1,Off,60,0,0,180,None,Off,Off
88,17R GMRS 467.600,Normal,12.5,Personality 1,None,Off,Off,Off,Off,Off,462.6,NONE,NONE,Middle,CTCSS/CDCSS and Audio,Carrier,RX Squelch Mode,467.6,NONE,NONE,Middle,High,Aways Allow,Analog Sys 1,Off,60,0,0,180,None,Off,Off
89,18R GMRS 467.625,Normal,12.5,Personality 1,None,Off,Off,Off,Off,Off,462.625,NONE,NONE,Middle,CTCSS/CDCSS and Audio,Carrier,RX Squelch Mode,467.625,NONE,NONE,Middle,High,Aways Allow,Analog Sys 1,Off,60,0,0,180,None,Off,Off
90,19R GMRS 467.650,Normal,12.5,Personality 1,None,Off,Off,Off,Off,Off,462.65,NONE,NONE,Middle,CTCSS/CDCSS and Audio,Carrier,RX Squelch Mode,467.65,NONE,NONE,Middle,High,Aways Allow,Analog Sys 1,Off,60,0,0,180,None,Off,Off
91,20R GMRS 467.675,Normal,12.5,Personality 1,None,Off,Off,Off,Off,Off,462.675,NONE,NONE,Middle,CTCSS/CDCSS and Audio,Carrier,RX Squelch Mode,467.675,NONE,NONE,Middle,High,Aways Allow,Analog Sys 1,Off,60,0,0,180,None,Off,Off
92,21R GMRS 467.700,Normal,12.5,Personality 1,None,Off,Off,Off,Off,Off,462.7,NONE,NONE,Middle,CTCSS/CDCSS and Audio,Carrier,RX Squelch Mode,467.7,NONE,NONE,Middle,High,Aways Allow,Analog Sys 1,Off,60,0,0,180,None,Off,Off
93,22R GMRS 467.725,Normal,12.5,Personality 1,None,Off,Off,Off,Off,Off,462.725,NONE,NONE,Middle,CTCSS/CDCSS and Audio,Carrier,RX Squelch Mode,467.725,NONE,NONE,Middle,High,Aways Allow,Analog Sys 1,Off,60,0,0,180,None,Off,Off
94,Spare GMRS 1,Normal,12.5,Personality 1,None,Off,Off,Off,Off,Off,467.6875,NONE,NONE,Middle,CTCSS/CDCSS and Audio,Carrier,RX Squelch Mode,467.6875,NONE,NONE,Middle,High,Aways Allow,Analog Sys 1,Off,60,0,0,180,None,Off,Off
95,Spare GMRS 2,Normal,12.5,Personality 1,None,Off,Off,Off,Off,Off,467.6875,NONE,NONE,Middle,CTCSS/CDCSS and Audio,Carrier,RX Squelch Mode,467.6875,NONE,NONE,Middle,High,Aways Allow,Analog Sys 1,Off,60,0,0,180,None,Off,Off
96,Spare Scan 01,Normal,12.5,Personality 1,None,Off,Off,Off,Off,Off,450,NONE,NONE,Middle,CTCSS/CDCSS and Audio,Carrier,RX Squelch Mode,450,NONE,NONE,Middle,High,Aways Allow,Analog Sys 1,Off,60,0,0,180,None,Off,Off
97,Spare Scan 02,Normal,12.5,Personality 1,None,Off,Off,Off,Off,Off,450,NONE,NONE,Middle,CTCSS/CDCSS and Audio,Carrier,RX Squelch Mode,450,NONE,NONE,Middle,High,Aways Allow,Analog Sys 1,Off,60,0,0,180,None,Off,Off
98,Spare Scan 03,Normal,12.5,Personality 1,None,Off,Off,Off,Off,Off,450,NONE,NONE,Middle,CTCSS/CDCSS and Audio,Carrier,RX Squelch Mode,450,NONE,NONE,Middle,High,Aways Allow,Analog Sys 1,Off,60,0,0,180,None,Off,Off
99,Spare Scan 04,Normal,12.5,Personality 1,None,Off,Off,Off,Off,Off,450,NONE,NONE,Middle,CTCSS/CDCSS and Audio,Carrier,RX Squelch Mode,450,NONE,NONE,Middle,High,Aways Allow,Analog Sys 1,Off,60,0,0,180,None,Off,Off
100,Spare Scan 05,Normal,12.5,Personality 1,None,Off,Off,Off,Off,Off,450,NONE,NONE,Middle,CTCSS/CDCSS and Audio,Carrier,RX Squelch Mode,450,NONE,NONE,Middle,High,Aways Allow,Analog Sys 1,Off,60,0,0,180,None,Off,Off
101,Spare Scan 06,Normal,12.5,Personality 1,None,Off,Off,Off,Off,Off,450,NONE,NONE,Middle,CTCSS/CDCSS and Audio,Carrier,RX Squelch Mode,450,NONE,NONE,Middle,High,Aways Allow,Analog Sys 1,Off,60,0,0,180,None,Off,Off
102,Spare Scan 07,Normal,12.5,Personality 1,None,Off,Off,Off,Off,Off,450,NONE,NONE,Middle,CTCSS/CDCSS and Audio,Carrier,RX Squelch Mode,450,NONE,NONE,Middle,High,Aways Allow,Analog Sys 1,Off,60,0,0,180,None,Off,Off
103,Spare Scan 08,Normal,12.5,Personality 1,None,Off,Off,Off,Off,Off,450,NONE,NONE,Middle,CTCSS/CDCSS and Audio,Carrier,RX Squelch Mode,450,NONE,NONE,Middle,High,Aways Allow,Analog Sys 1,Off,60,0,0,180,None,Off,Off
104,Spare Scan 09,Normal,12.5,Personality 1,None,Off,Off,Off,Off,Off,450,NONE,NONE,Middle,CTCSS/CDCSS and Audio,Carrier,RX Squelch Mode,450,NONE,NONE,Middle,High,Aways Allow,Analog Sys 1,Off,60,0,0,180,None,Off,Off
105,Spare Scan 10,Normal,12.5,Personality 1,None,Off,Off,Off,Off,Off,450,NONE,NONE,Middle,CTCSS/CDCSS and Audio,Carrier,RX Squelch Mode,450,NONE,NONE,Middle,High,Aways Allow,Analog Sys 1,Off,60,0,0,180,None,Off,Off
106,Spare Scan 11,Normal,12.5,Personality 1,None,Off,Off,Off,Off,Off,450,NONE,NONE,Middle,CTCSS/CDCSS and Audio,Carrier,RX Squelch Mode,450,NONE,NONE,Middle,High,Aways Allow,Analog Sys 1,Off,60,0,0,180,None,Off,Off
107,Spare Scan 12,Normal,12.5,Personality 1,None,Off,Off,Off,Off,Off,450,NONE,NONE,Middle,CTCSS/CDCSS and Audio,Carrier,RX Squelch Mode,450,NONE,NONE,Middle,High,Aways Allow,Analog Sys 1,Off,60,0,0,180,None,Off,Off
108,Spare Scan 13,Normal,12.5,Personality 1,None,Off,Off,Off,Off,Off,450,NONE,NONE,Middle,CTCSS/CDCSS and Audio,Carrier,RX Squelch Mode,450,NONE,NONE,Middle,High,Aways Allow,Analog Sys 1,Off,60,0,0,180,None,Off,Off
109,Spare Scan 14,Normal,12.5,Personality 1,None,Off,Off,Off,Off,Off,450,NONE,NONE,Middle,CTCSS/CDCSS and Audio,Carrier,RX Squelch Mode,450,NONE,NONE,Middle,High,Aways Allow,Analog Sys 1,Off,60,0,0,180,None,Off,Off
110,Spare Scan 15,Normal,12.5,Personality 1,None,Off,Off,Off,Off,Off,450,NONE,NONE,Middle,CTCSS/CDCSS and Audio,Carrier,RX Squelch Mode,450,NONE,NONE,Middle,High,Aways Allow,Analog Sys 1,Off,60,0,0,180,None,Off,Off
111,Spare Scan 16,Normal,12.5,Personality 1,None,Off,Off,Off,Off,Off,450,NONE,NONE,Middle,CTCSS/CDCSS and Audio,Carrier,RX Squelch Mode,450,NONE,NONE,Middle,High,Aways Allow,Analog Sys 1,Off,60,0,0,180,None,Off,Off
112,Spare Scan 17,Normal,12.5,Personality 1,None,Off,Off,Off,Off,Off,450,NONE,NONE,Middle,CTCSS/CDCSS and Audio,Carrier,RX Squelch Mode,450,NONE,NONE,Middle,High,Aways Allow,Analog Sys 1,Off,60,0,0,180,None,Off,Off
113,Spare Scan 18,Normal,12.5,Personality 1,None,Off,Off,Off,Off,Off,450,NONE,NONE,Middle,CTCSS/CDCSS and Audio,Carrier,RX Squelch Mode,450,NONE,NONE,Middle,High,Aways Allow,Analog Sys 1,Off,60,0,0,180,None,Off,Off
114,Spare Scan 19,Normal,12.5,Personality 1,None,Off,Off,Off,Off,Off,450,NONE,NONE,Middle,CTCSS/CDCSS and Audio,Carrier,RX Squelch Mode,450,NONE,NONE,Middle,High,Aways Allow,Analog Sys 1,Off,60,0,0,180,None,Off,Off
115,Spare Scan 20,Normal,12.5,Personality 1,None,Off,Off,Off,Off,Off,450,NONE,NONE,Middle,CTCSS/CDCSS and Audio,Carrier,RX Squelch Mode,450,NONE,NONE,Middle,High,Aways Allow,Analog Sys 1,Off,60,0,0,180,None,Off,Off
116,Spare Scan 21,Normal,12.5,Personality 1,None,Off,Off,Off,Off,Off,450,NONE,NONE,Middle,CTCSS/CDCSS and Audio,Carrier,RX Squelch Mode,450,NONE,NONE,Middle,High,Aways Allow,Analog Sys 1,Off,60,0,0,180,None,Off,Off
117,Spare Scan 22,Normal,12.5,Personality 1,None,Off,Off,Off,Off,Off,450,NONE,NONE,Middle,CTCSS/CDCSS and Audio,Carrier,RX Squelch Mode,450,NONE,NONE,Middle,High,Aways Allow,Analog Sys 1,Off,60,0,0,180,None,Off,Off
118,Spare Scan 23,Normal,12.5,Personality 1,None,Off,Off,Off,Off,Off,450,NONE,NONE,Middle,CTCSS/CDCSS and Audio,Carrier,RX Squelch Mode,450,NONE,NONE,Middle,High,Aways Allow,Analog Sys 1,Off,60,0,0,180,None,Off,Off
119,Spare Scan 24,Normal,12.5,Personality 1,None,Off,Off,Off,Off,Off,450,NONE,NONE,Middle,CTCSS/CDCSS and Audio,Carrier,RX Squelch Mode,450,NONE,NONE,Middle,High,Aways Allow,Analog Sys 1,Off,60,0,0,180,None,Off,Off
120,Spare Scan 25,Normal,12.5,Personality 1,None,Off,Off,Off,Off,Off,450,NONE,NONE,Middle,CTCSS/CDCSS and Audio,Carrier,RX Squelch Mode,450,NONE,NONE,Middle,High,Aways Allow,Analog Sys 1,Off,60,0,0,180,None,Off,Off
121,Spare Scan 26,Normal,12.5,Personality 1,None,Off,Off,Off,Off,Off,450,NONE,NONE,Middle,CTCSS/CDCSS and Audio,Carrier,RX Squelch Mode,450,NONE,NONE,Middle,High,Aways Allow,Analog Sys 1,Off,60,0,0,180,None,Off,Off
122,Spare Scan 27,Normal,12.5,Personality 1,None,Off,Off,Off,Off,Off,450,NONE,NONE,Middle,CTCSS/CDCSS and Audio,Carrier,RX Squelch Mode,450,NONE,NONE,Middle,High,Aways Allow,Analog Sys 1,Off,60,0,0,180,None,Off,Off
123,Spare Scan 28,Normal,12.5,Personality 1,None,Off,Off,Off,Off,Off,450,NONE,NONE,Middle,CTCSS/CDCSS and Audio,Carrier,RX Squelch Mode,450,NONE,NONE,Middle,High,Aways Allow,Analog Sys 1,Off,60,0,0,180,None,Off,Off
124,Spare Scan 29,Normal,12.5,Personality 1,None,Off,Off,Off,Off,Off,450,NONE,NONE,Middle,CTCSS/CDCSS and Audio,Carrier,RX Squelch Mode,450,NONE,NONE,Middle,High,Aways Allow,Analog Sys 1,Off,60,0,0,180,None,Off,Off
125,Spare Scan 30,Normal,12.5,Personality 1,None,Off,Off,Off,Off,Off,450,NONE,NONE,Middle,CTCSS/CDCSS and Audio,Carrier,RX Squelch Mode,450,NONE,NONE,Middle,High,Aways Allow,Analog Sys 1,Off,60,0,0,180,None,Off,Off
126,Spare Scan 31,Normal,12.5,Personality 1,None,Off,Off,Off,Off,Off,450,NONE,NONE,Middle,CTCSS/CDCSS and Audio,Carrier,RX Squelch Mode,450,NONE,NONE,Middle,High,Aways Allow,Analog Sys 1,Off,60,0,0,180,None,Off,Off
127,Spare Scan 32,Normal,12.5,Personality 1,None,Off,Off,Off,Off,Off,450,NONE,NONE,Middle,CTCSS/CDCSS and Audio,Carrier,RX Squelch Mode,450,NONE,NONE,Middle,High,Aways Allow,Analog Sys 1,Off,60,0,0,180,None,Off,Off
128,Spare Scan 33,Normal,12.5,Personality 1,None,Off,Off,Off,Off,Off,450,NONE,NONE,Middle,CTCSS/CDCSS and Audio,Carrier,RX Squelch Mode,450,NONE,NONE,Middle,High,Aways Allow,Analog Sys 1,Off,60,0,0,180,None,Off,Off
129,Spare Scan 34,Normal,12.5,Personality 1,None,Off,Off,Off,Off,Off,450,NONE,NONE,Middle,CTCSS/CDCSS and Audio,Carrier,RX Squelch Mode,450,NONE,NONE,Middle,High,Aways Allow,Analog Sys 1,Off,60,0,0,180,None,Off,Off
130,Spare Scan 35,Normal,12.5,Personality 1,None,Off,Off,Off,Off,Off,450,NONE,NONE,Middle,CTCSS/CDCSS and Audio,Carrier,RX Squelch Mode,450,NONE,NONE,Middle,High,Aways Allow,Analog Sys 1,Off,60,0,0,180,None,Off,Off
131,Spare Scan 36,Normal,12.5,Personality 1,None,Off,Off,Off,Off,Off,450,NONE,NONE,Middle,CTCSS/CDCSS and Audio,Carrier,RX Squelch Mode,450,NONE,NONE,Middle,High,Aways Allow,Analog Sys 1,Off,60,0,0,180,None,Off,Off
132,Spare Scan 37,Normal,12.5,Personality 1,None,Off,Off,Off,Off,Off,450,NONE,NONE,Middle,CTCSS/CDCSS and Audio,Carrier,RX Squelch Mode,450,NONE,NONE,Middle,High,Aways Allow,Analog Sys 1,Off,60,0,0,180,None,Off,Off
133,Spare Scan 38,Normal,12.5,Personality 1,None,Off,Off,Off,Off,Off,450,NONE,NONE,Middle,CTCSS/CDCSS and Audio,Carrier,RX Squelch Mode,450,NONE,NONE,Middle,High,Aways Allow,Analog Sys 1,Off,60,0,0,180,None,Off,Off
134,Spare Scan 39,Normal,12.5,Personality 1,None,Off,Off,Off,Off,Off,450,NONE,NONE,Middle,CTCSS/CDCSS and Audio,Carrier,RX Squelch Mode,450,NONE,NONE,Middle,High,Aways Allow,Analog Sys 1,Off,60,0,0,180,None,Off,Off
135,Spare Scan 40,Normal,12.5,Personality 1,None,Off,Off,Off,Off,Off,450,NONE,NONE,Middle,CTCSS/CDCSS and Audio,Carrier,RX Squelch Mode,450,NONE,NONE,Middle,High,Aways Allow,Analog Sys 1,Off,60,0,0,180,None,Off,Off
136,Spare Scan 41,Normal,12.5,Personality 1,None,Off,Off,Off,Off,Off,450,NONE,NONE,Middle,CTCSS/CDCSS and Audio,Carrier,RX Squelch Mode,450,NONE,NONE,Middle,High,Aways Allow,Analog Sys 1,Off,60,0,0,180,None,Off,Off
137,Spare Scan 42,Normal,12.5,Personality 1,None,Off,Off,Off,Off,Off,450,NONE,NONE,Middle,CTCSS/CDCSS and Audio,Carrier,RX Squelch Mode,450,NONE,NONE,Middle,High,Aways Allow,Analog Sys 1,Off,60,0,0,180,None,Off,Off
138,Spare Scan 43,Normal,12.5,Personality 1,None,Off,Off,Off,Off,Off,450,NONE,NONE,Middle,CTCSS/CDCSS and Audio,Carrier,RX Squelch Mode,450,NONE,NONE,Middle,High,Aways Allow,Analog Sys 1,Off,60,0,0,180,None,Off,Off
139,Spare Scan 44,Normal,12.5,Personality 1,None,Off,Off,Off,Off,Off,450,NONE,NONE,Middle,CTCSS/CDCSS and Audio,Carrier,RX Squelch Mode,450,NONE,NONE,Middle,High,Aways Allow,Analog Sys 1,Off,60,0,0,180,None,Off,Off
140,Spare Scan 45,Normal,12.5,Personality 1,None,Off,Off,Off,Off,Off,450,NONE,NONE,Middle,CTCSS/CDCSS and Audio,Carrier,RX Squelch Mode,450,NONE,NONE,Middle,High,Aways Allow,Analog Sys 1,Off,60,0,0,180,None,Off,Off
141,Spare Scan 46,Normal,12.5,Personality 1,None,Off,Off,Off,Off,Off,450,NONE,NONE,Middle,CTCSS/CDCSS and Audio,Carrier,RX Squelch Mode,450,NONE,NONE,Middle,High,Aways Allow,Analog Sys 1,Off,60,0,0,180,None,Off,Off
142,Spare Scan 47,Normal,12.5,Personality 1,None,Off,Off,Off,Off,Off,450,NONE,NONE,Middle,CTCSS/CDCSS and Audio,Carrier,RX Squelch Mode,450,NONE,NONE,Middle,High,Aways Allow,Analog Sys 1,Off,60,0,0,180,None,Off,Off
143,Spare Scan 48,Normal,12.5,Personality 1,None,Off,Off,Off,Off,Off,450,NONE,NONE,Middle,CTCSS/CDCSS and Audio,Carrier,RX Squelch Mode,450,NONE,NONE,Middle,High,Aways Allow,Analog Sys 1,Off,60,0,0,180,None,Off,Off
144,Spare Scan 49,Normal,12.5,Personality 1,None,Off,Off,Off,Off,Off,450,NONE,NONE,Middle,CTCSS/CDCSS and Audio,Carrier,RX Squelch Mode,450,NONE,NONE,Middle,High,Aways Allow,Analog Sys 1,Off,60,0,0,180,None,Off,Off
145,Spare Scan 50,Normal,12.5,Personality 1,None,Off,Off,Off,Off,Off,450,NONE,NONE,Middle,CTCSS/CDCSS and Audio,Carrier,RX Squelch Mode,450,NONE,NONE,Middle,High,Aways Allow,Analog Sys 1,Off,60,0,0,180,None,Off,Off
146,Spare Scan 51,Normal,12.5,Personality 1,None,Off,Off,Off,Off,Off,450,NONE,NONE,Middle,CTCSS/CDCSS and Audio,Carrier,RX Squelch Mode,450,NONE,NONE,Middle,High,Aways Allow,Analog Sys 1,Off,60,0,0,180,None,Off,Off
147,Spare Scan 52,Normal,12.5,Personality 1,None,Off,Off,Off,Off,Off,450,NONE,NONE,Middle,CTCSS/CDCSS and Audio,Carrier,RX Squelch Mode,450,NONE,NONE,Middle,High,Aways Allow,Analog Sys 1,Off,60,0,0,180,None,Off,Off
148,Spare Scan 53,Normal,12.5,Personality 1,None,Off,Off,Off,Off,Off,450,NONE,NONE,Middle,CTCSS/CDCSS and Audio,Carrier,RX Squelch Mode,450,NONE,NONE,Middle,High,Aways Allow,Analog Sys 1,Off,60,0,0,180,None,Off,Off
149,Spare Scan 54,Normal,12.5,Personality 1,None,Off,Off,Off,Off,Off,450,NONE,NONE,Middle,CTCSS/CDCSS and Audio,Carrier,RX Squelch Mode,450,NONE,NONE,Middle,High,Aways Allow,Analog Sys 1,Off,60,0,0,180,None,Off,Off
150,Spare Scan 55,Normal,12.5,Personality 1,None,Off,Off,Off,Off,Off,450,NONE,NONE,Middle,CTCSS/CDCSS and Audio,Carrier,RX Squelch Mode,450,NONE,NONE,Middle,High,Aways Allow,Analog Sys 1,Off,60,0,0,180,None,Off,Off
151,Spare Scan 56,Normal,12.5,Personality 1,None,Off,Off,Off,Off,Off,450,NONE,NONE,Middle,CTCSS/CDCSS and Audio,Carrier,RX Squelch Mode,450,NONE,NONE,Middle,High,Aways Allow,Analog Sys 1,Off,60,0,0,180,None,Off,Off
152,Spare Scan 57,Normal,12.5,Personality 1,None,Off,Off,Off,Off,Off,450,NONE,NONE,Middle,CTCSS/CDCSS and Audio,Carrier,RX Squelch Mode,450,NONE,NONE,Middle,High,Aways Allow,Analog Sys 1,Off,60,0,0,180,None,Off,Off
153,Spare Scan 58,Normal,12.5,Personality 1,None,Off,Off,Off,Off,Off,450,NONE,NONE,Middle,CTCSS/CDCSS and Audio,Carrier,RX Squelch Mode,450,NONE,NONE,Middle,High,Aways Allow,Analog Sys 1,Off,60,0,0,180,None,Off,Off
154,Spare Scan 59,Normal,12.5,Personality 1,None,Off,Off,Off,Off,Off,450,NONE,NONE,Middle,CTCSS/CDCSS and Audio,Carrier,RX Squelch Mode,450,NONE,NONE,Middle,High,Aways Allow,Analog Sys 1,Off,60,0,0,180,None,Off,Off
155,Spare Scan 60,Normal,12.5,Personality 1,None,Off,Off,Off,Off,Off,450,NONE,NONE,Middle,CTCSS/CDCSS and Audio,Carrier,RX Squelch Mode,450,NONE,NONE,Middle,High,Aways Allow,Analog Sys 1,Off,60,0,0,180,None,Off,Off
156,Spare Scan 61,Normal,12.5,Personality 1,None,Off,Off,Off,Off,Off,450,NONE,NONE,Middle,CTCSS/CDCSS and Audio,Carrier,RX Squelch Mode,450,NONE,NONE,Middle,High,Aways Allow,Analog Sys 1,Off,60,0,0,180,None,Off,Off
157,Spare Scan 62,Normal,12.5,Personality 1,None,Off,Off,Off,Off,Off,450,NONE,NONE,Middle,CTCSS/CDCSS and Audio,Carrier,RX Squelch Mode,450,NONE,NONE,Middle,High,Aways Allow,Analog Sys 1,Off,60,0,0,180,None,Off,Off
158,Spare Scan 63,Normal,12.5,Personality 1,None,Off,Off,Off,Off,Off,450,NONE,NONE,Middle,CTCSS/CDCSS and Audio,Carrier,RX Squelch Mode,450,NONE,NONE,Middle,High,Aways Allow,Analog Sys 1,Off,60,0,0,180,None,Off,Off
159,Spare Scan 64,Normal,12.5,Personality 1,None,Off,Off,Off,Off,Off,450,NONE,NONE,Middle,CTCSS/CDCSS and Audio,Carrier,RX Squelch Mode,450,NONE,NONE,Middle,High,Aways Allow,Analog Sys 1,Off,60,0,0,180,None,Off,Off
160,Spare Edit 01,Normal,12.5,Personality 1,None,Off,Off,Off,Off,Off,450,NONE,NONE,Middle,CTCSS/CDCSS and Audio,Carrier,RX Squelch Mode,450,NONE,NONE,Middle,High,Aways Allow,Analog Sys 1,Off,60,0,0,180,None,Off,Off
161,Spare Edit 02,Normal,12.5,Personality 1,None,Off,Off,Off,Off,Off,450,NONE,NONE,Middle,CTCSS/CDCSS and Audio,Carrier,RX Squelch Mode,450,NONE,NONE,Middle,High,Aways Allow,Analog Sys 1,Off,60,0,0,180,None,Off,Off
162,Spare Edit 03,Normal,12.5,Personality 1,None,Off,Off,Off,Off,Off,450,NONE,NONE,Middle,CTCSS/CDCSS and Audio,Carrier,RX Squelch Mode,450,NONE,NONE,Middle,High,Aways Allow,Analog Sys 1,Off,60,0,0,180,None,Off,Off
163,Spare Edit 04,Normal,12.5,Personality 1,None,Off,Off,Off,Off,Off,450,NONE,NONE,Middle,CTCSS/CDCSS and Audio,Carrier,RX Squelch Mode,450,NONE,NONE,Middle,High,Aways Allow,Analog Sys 1,Off,60,0,0,180,None,Off,Off
164,Spare Edit 05,Normal,12.5,Personality 1,None,Off,Off,Off,Off,Off,450,NONE,NONE,Middle,CTCSS/CDCSS and Audio,Carrier,RX Squelch Mode,450,NONE,NONE,Middle,High,Aways Allow,Analog Sys 1,Off,60,0,0,180,None,Off,Off
165,Spare Edit 06,Normal,12.5,Personality 1,None,Off,Off,Off,Off,Off,450,NONE,NONE,Middle,CTCSS/CDCSS and Audio,Carrier,RX Squelch Mode,450,NONE,NONE,Middle,High,Aways Allow,Analog Sys 1,Off,60,0,0,180,None,Off,Off
166,Spare Edit 07,Normal,12.5,Personality 1,None,Off,Off,Off,Off,Off,450,NONE,NONE,Middle,CTCSS/CDCSS and Audio,Carrier,RX Squelch Mode,450,NONE,NONE,Middle,High,Aways Allow,Analog Sys 1,Off,60,0,0,180,None,Off,Off
167,Spare Edit 08,Normal,12.5,Personality 1,None,Off,Off,Off,Off,Off,450,NONE,NONE,Middle,CTCSS/CDCSS and Audio,Carrier,RX Squelch Mode,450,NONE,NONE,Middle,High,Aways Allow,Analog Sys 1,Off,60,0,0,180,None,Off,Off
168,Spare Edit 09,Normal,12.5,Personality 1,None,Off,Off,Off,Off,Off,450,NONE,NONE,Middle,CTCSS/CDCSS and Audio,Carrier,RX Squelch Mode,450,NONE,NONE,Middle,High,Aways Allow,Analog Sys 1,Off,60,0,0,180,None,Off,Off
169,Spare Edit 10,Normal,12.5,Personality 1,None,Off,Off,Off,Off,Off,450,NONE,NONE,Middle,CTCSS/CDCSS and Audio,Carrier,RX Squelch Mode,450,NONE,NONE,Middle,High,Aways Allow,Analog Sys 1,Off,60,0,0,180,None,Off,Off
170,Spare Edit 11,Normal,12.5,Personality 1,None,Off,Off,Off,Off,Off,450,NONE,NONE,Middle,CTCSS/CDCSS and Audio,Carrier,RX Squelch Mode,450,NONE,NONE,Middle,High,Aways Allow,Analog Sys 1,Off,60,0,0,180,None,Off,Off
171,Spare Edit 12,Normal,12.5,Personality 1,None,Off,Off,Off,Off,Off,450,NONE,NONE,Middle,CTCSS/CDCSS and Audio,Carrier,RX Squelch Mode,450,NONE,NONE,Middle,High,Aways Allow,Analog Sys 1,Off,60,0,0,180,None,Off,Off
172,Spare Edit 13,Normal,12.5,Personality 1,None,Off,Off,Off,Off,Off,450,NONE,NONE,Middle,CTCSS/CDCSS and Audio,Carrier,RX Squelch Mode,450,NONE,NONE,Middle,High,Aways Allow,Analog Sys 1,Off,60,0,0,180,None,Off,Off
173,Spare Edit 14,Normal,12.5,Personality 1,None,Off,Off,Off,Off,Off,450,NONE,NONE,Middle,CTCSS/CDCSS and Audio,Carrier,RX Squelch Mode,450,NONE,NONE,Middle,High,Aways Allow,Analog Sys 1,Off,60,0,0,180,None,Off,Off
174,Spare Edit 15,Normal,12.5,Personality 1,None,Off,Off,Off,Off,Off,450,NONE,NONE,Middle,CTCSS/CDCSS and Audio,Carrier,RX Squelch Mode,450,NONE,NONE,Middle,High,Aways Allow,Analog Sys 1,Off,60,0,0,180,None,Off,Off
175,Spare Edit 16,Normal,12.5,Personality 1,None,Off,Off,Off,Off,Off,450,NONE,NONE,Middle,CTCSS/CDCSS and Audio,Carrier,RX Squelch Mode,450,NONE,NONE,Middle,High,Aways Allow,Analog Sys 1,Off,60,0,0,180,None,Off,Off
176,Spare Edit 17,Normal,12.5,Personality 1,None,Off,Off,Off,Off,Off,450,NONE,NONE,Middle,CTCSS/CDCSS and Audio,Carrier,RX Squelch Mode,450,NONE,NONE,Middle,High,Aways Allow,Analog Sys 1,Off,60,0,0,180,None,Off,Off
177,Spare Edit 18,Normal,12.5,Personality 1,None,Off,Off,Off,Off,Off,450,NONE,NONE,Middle,CTCSS/CDCSS and Audio,Carrier,RX Squelch Mode,450,NONE,NONE,Middle,High,Aways Allow,Analog Sys 1,Off,60,0,0,180,None,Off,Off
178,Spare Edit 19,Normal,12.5,Personality 1,None,Off,Off,Off,Off,Off,450,NONE,NONE,Middle,CTCSS/CDCSS and Audio,Carrier,RX Squelch Mode,450,NONE,NONE,Middle,High,Aways Allow,Analog Sys 1,Off,60,0,0,180,None,Off,Off
179,Spare Edit 20,Normal,12.5,Personality 1,None,Off,Off,Off,Off,Off,450,NONE,NONE,Middle,CTCSS/CDCSS and Audio,Carrier,RX Squelch Mode,450,NONE,NONE,Middle,High,Aways Allow,Analog Sys 1,Off,60,0,0,180,None,Off,Off
180,Spare Edit 21,Normal,12.5,Personality 1,None,Off,Off,Off,Off,Off,450,NONE,NONE,Middle,CTCSS/CDCSS and Audio,Carrier,RX Squelch Mode,450,NONE,NONE,Middle,High,Aways Allow,Analog Sys 1,Off,60,0,0,180,None,Off,Off
181,Spare Edit 22,Normal,12.5,Personality 1,None,Off,Off,Off,Off,Off,450,NONE,NONE,Middle,CTCSS/CDCSS and Audio,Carrier,RX Squelch Mode,450,NONE,NONE,Middle,High,Aways Allow,Analog Sys 1,Off,60,0,0,180,None,Off,Off
182,Spare Edit 23,Normal,12.5,Personality 1,None,Off,Off,Off,Off,Off,450,NONE,NONE,Middle,CTCSS/CDCSS and Audio,Carrier,RX Squelch Mode,450,NONE,NONE,Middle,High,Aways Allow,Analog Sys 1,Off,60,0,0,180,None,Off,Off
183,Spare Edit 24,Normal,12.5,Personality 1,None,Off,Off,Off,Off,Off,450,NONE,NONE,Middle,CTCSS/CDCSS and Audio,Carrier,RX Squelch Mode,450,NONE,NONE,Middle,High,Aways Allow,Analog Sys 1,Off,60,0,0,180,None,Off,Off
184,Spare Edit 25,Normal,12.5,Personality 1,None,Off,Off,Off,Off,Off,450,NONE,NONE,Middle,CTCSS/CDCSS and Audio,Carrier,RX Squelch Mode,450,NONE,NONE,Middle,High,Aways Allow,Analog Sys 1,Off,60,0,0,180,None,Off,Off
185,Spare Edit 26,Normal,12.5,Personality 1,None,Off,Off,Off,Off,Off,450,NONE,NONE,Middle,CTCSS/CDCSS and Audio,Carrier,RX Squelch Mode,450,NONE,NONE,Middle,High,Aways Allow,Analog Sys 1,Off,60,0,0,180,None,Off,Off
186,Spare Edit 27,Normal,12.5,Personality 1,None,Off,Off,Off,Off,Off,450,NONE,NONE,Middle,CTCSS/CDCSS and Audio,Carrier,RX Squelch Mode,450,NONE,NONE,Middle,High,Aways Allow,Analog Sys 1,Off,60,0,0,180,None,Off,Off
187,Spare Edit 28,Normal,12.5,Personality 1,None,Off,Off,Off,Off,Off,450,NONE,NONE,Middle,CTCSS/CDCSS and Audio,Carrier,RX Squelch Mode,450,NONE,NONE,Middle,High,Aways Allow,Analog Sys 1,Off,60,0,0,180,None,Off,Off
188,Spare Edit 29,Normal,12.5,Personality 1,None,Off,Off,Off,Off,Off,450,NONE,NONE,Middle,CTCSS/CDCSS and Audio,Carrier,RX Squelch Mode,450,NONE,NONE,Middle,High,Aways Allow,Analog Sys 1,Off,60,0,0,180,None,Off,Off
189,Spare Edit 30,Normal,12.5,Personality 1,None,Off,Off,Off,Off,Off,450,NONE,NONE,Middle,CTCSS/CDCSS and Audio,Carrier,RX Squelch Mode,450,NONE,NONE,Middle,High,Aways Allow,Analog Sys 1,Off,60,0,0,180,None,Off,Off
190,Spare Edit 31,Normal,12.5,Personality 1,None,Off,Off,Off,Off,Off,450,NONE,NONE,Middle,CTCSS/CDCSS and Audio,Carrier,RX Squelch Mode,450,NONE,NONE,Middle,High,Aways Allow,Analog Sys 1,Off,60,0,0,180,None,Off,Off
191,Spare Edit 32,Normal,12.5,Personality 1,None,Off,Off,Off,Off,Off,450,NONE,NONE,Middle,CTCSS/CDCSS and Audio,Carrier,RX Squelch Mode,450,NONE,NONE,Middle,High,Aways Allow,Analog Sys 1,Off,60,0,0,180,None,Off,Off
192,Spare Edit 33,Normal,12.5,Personality 1,None,Off,Off,Off,Off,Off,450,NONE,NONE,Middle,CTCSS/CDCSS and Audio,Carrier,RX Squelch Mode,450,NONE,NONE,Middle,High,Aways Allow,Analog Sys 1,Off,60,0,0,180,None,Off,Off
193,Spare Edit 34,Normal,12.5,Personality 1,None,Off,Off,Off,Off,Off,450,NONE,NONE,Middle,CTCSS/CDCSS and Audio,Carrier,RX Squelch Mode,450,NONE,NONE,Middle,High,Aways Allow,Analog Sys 1,Off,60,0,0,180,None,Off,Off
194,Spare Edit 35,Normal,12.5,Personality 1,None,Off,Off,Off,Off,Off,450,NONE,NONE,Middle,CTCSS/CDCSS and Audio,Carrier,RX Squelch Mode,450,NONE,NONE,Middle,High,Aways Allow,Analog Sys 1,Off,60,0,0,180,None,Off,Off
195,Spare Edit 36,Normal,12.5,Personality 1,None,Off,Off,Off,Off,Off,450,NONE,NONE,Middle,CTCSS/CDCSS and Audio,Carrier,RX Squelch Mode,450,NONE,NONE,Middle,High,Aways Allow,Analog Sys 1,Off,60,0,0,180,None,Off,Off
196,Spare Edit 37,Normal,12.5,Personality 1,None,Off,Off,Off,Off,Off,450,NONE,NONE,Middle,CTCSS/CDCSS and Audio,Carrier,RX Squelch Mode,450,NONE,NONE,Middle,High,Aways Allow,Analog Sys 1,Off,60,0,0,180,None,Off,Off
197,Spare Edit 38,Normal,12.5,Personality 1,None,Off,Off,Off,Off,Off,450,NONE,NONE,Middle,CTCSS/CDCSS and Audio,Carrier,RX Squelch Mode,450,NONE,NONE,Middle,High,Aways Allow,Analog Sys 1,Off,60,0,0,180,None,Off,Off
198,Spare Edit 39,Normal,12.5,Personality 1,None,Off,Off,Off,Off,Off,450,NONE,NONE,Middle,CTCSS/CDCSS and Audio,Carrier,RX Squelch Mode,450,NONE,NONE,Middle,High,Aways Allow,Analog Sys 1,Off,60,0,0,180,None,Off,Off
199,Spare Edit 40,Normal,12.5,Personality 1,None,Off,Off,Off,Off,Off,450,NONE,NONE,Middle,CTCSS/CDCSS and Audio,Carrier,RX Squelch Mode,450,NONE,NONE,Middle,High,Aways Allow,Analog Sys 1,Off,60,0,0,180,None,Off,Off
200,Spare Edit 41,Normal,12.5,Personality 1,None,Off,Off,Off,Off,Off,450,NONE,NONE,Middle,CTCSS/CDCSS and Audio,Carrier,RX Squelch Mode,450,NONE,NONE,Middle,High,Aways Allow,Analog Sys 1,Off,60,0,0,180,None,Off,Off
201,Spare Edit 42,Normal,12.5,Personality 1,None,Off,Off,Off,Off,Off,450,NONE,NONE,Middle,CTCSS/CDCSS and Audio,Carrier,RX Squelch Mode,450,NONE,NONE,Middle,High,Aways Allow,Analog Sys 1,Off,60,0,0,180,None,Off,Off
202,Spare Edit 43,Normal,12.5,Personality 1,None,Off,Off,Off,Off,Off,450,NONE,NONE,Middle,CTCSS/CDCSS and Audio,Carrier,RX Squelch Mode,450,NONE,NONE,Middle,High,Aways Allow,Analog Sys 1,Off,60,0,0,180,None,Off,Off
203,Spare Edit 44,Normal,12.5,Personality 1,None,Off,Off,Off,Off,Off,450,NONE,NONE,Middle,CTCSS/CDCSS and Audio,Carrier,RX Squelch Mode,450,NONE,NONE,Middle,High,Aways Allow,Analog Sys 1,Off,60,0,0,180,None,Off,Off
204,Spare Edit 45,Normal,12.5,Personality 1,None,Off,Off,Off,Off,Off,450,NONE,NONE,Middle,CTCSS/CDCSS and Audio,Carrier,RX Squelch Mode,450,NONE,NONE,Middle,High,Aways Allow,Analog Sys 1,Off,60,0,0,180,None,Off,Off
205,Spare Edit 46,Normal,12.5,Personality 1,None,Off,Off,Off,Off,Off,450,NONE,NONE,Middle,CTCSS/CDCSS and Audio,Carrier,RX Squelch Mode,450,NONE,NONE,Middle,High,Aways Allow,Analog Sys 1,Off,60,0,0,180,None,Off,Off
206,Spare Edit 47,Normal,12.5,Personality 1,None,Off,Off,Off,Off,Off,450,NONE,NONE,Middle,CTCSS/CDCSS and Audio,Carrier,RX Squelch Mode,450,NONE,NONE,Middle,High,Aways Allow,Analog Sys 1,Off,60,0,0,180,None,Off,Off
207,Spare Edit 48,Normal,12.5,Personality 1,None,Off,Off,Off,Off,Off,450,NONE,NONE,Middle,CTCSS/CDCSS and Audio,Carrier,RX Squelch Mode,450,NONE,NONE,Middle,High,Aways Allow,Analog Sys 1,Off,60,0,0,180,None,Off,Off
208,Spare Edit 49,Normal,12.5,Personality 1,None,Off,Off,Off,Off,Off,450,NONE,NONE,Middle,CTCSS/CDCSS and Audio,Carrier,RX Squelch Mode,450,NONE,NONE,Middle,High,Aways Allow,Analog Sys 1,Off,60,0,0,180,None,Off,Off
209,Spare Edit 50,Normal,12.5,Personality 1,None,Off,Off,Off,Off,Off,450,NONE,NONE,Middle,CTCSS/CDCSS and Audio,Carrier,RX Squelch Mode,450,NONE,NONE,Middle,High,Aways Allow,Analog Sys 1,Off,60,0,0,180,None,Off,Off
210,Spare Edit 51,Normal,12.5,Personality 1,None,Off,Off,Off,Off,Off,450,NONE,NONE,Middle,CTCSS/CDCSS and Audio,Carrier,RX Squelch Mode,450,NONE,NONE,Middle,High,Aways Allow,Analog Sys 1,Off,60,0,0,180,None,Off,Off
211,Spare Edit 52,Normal,12.5,Personality 1,None,Off,Off,Off,Off,Off,450,NONE,NONE,Middle,CTCSS/CDCSS and Audio,Carrier,RX Squelch Mode,450,NONE,NONE,Middle,High,Aways Allow,Analog Sys 1,Off,60,0,0,180,None,Off,Off
212,Spare Edit 53,Normal,12.5,Personality 1,None,Off,Off,Off,Off,Off,450,NONE,NONE,Middle,CTCSS/CDCSS and Audio,Carrier,RX Squelch Mode,450,NONE,NONE,Middle,High,Aways Allow,Analog Sys 1,Off,60,0,0,180,None,Off,Off
213,Spare Edit 54,Normal,12.5,Personality 1,None,Off,Off,Off,Off,Off,450,NONE,NONE,Middle,CTCSS/CDCSS and Audio,Carrier,RX Squelch Mode,450,NONE,NONE,Middle,High,Aways Allow,Analog Sys 1,Off,60,0,0,180,None,Off,Off
214,Spare Edit 55,Normal,12.5,Personality 1,None,Off,Off,Off,Off,Off,450,NONE,NONE,Middle,CTCSS/CDCSS and Audio,Carrier,RX Squelch Mode,450,NONE,NONE,Middle,High,Aways Allow,Analog Sys 1,Off,60,0,0,180,None,Off,Off
215,Spare Edit 56,Normal,12.5,Personality 1,None,Off,Off,Off,Off,Off,450,NONE,NONE,Middle,CTCSS/CDCSS and Audio,Carrier,RX Squelch Mode,450,NONE,NONE,Middle,High,Aways Allow,Analog Sys 1,Off,60,0,0,180,None,Off,Off
216,Spare Edit 57,Normal,12.5,Personality 1,None,Off,Off,Off,Off,Off,450,NONE,NONE,Middle,CTCSS/CDCSS and Audio,Carrier,RX Squelch Mode,450,NONE,NONE,Middle,High,Aways Allow,Analog Sys 1,Off,60,0,0,180,None,Off,Off
217,Spare Edit 58,Normal,12.5,Personality 1,None,Off,Off,Off,Off,Off,450,NONE,NONE,Middle,CTCSS/CDCSS and Audio,Carrier,RX Squelch Mode,450,NONE,NONE,Middle,High,Aways Allow,Analog Sys 1,Off,60,0,0,180,None,Off,Off
218,Spare Edit 59,Normal,12.5,Personality 1,None,Off,Off,Off,Off,Off,450,NONE,NONE,Middle,CTCSS/CDCSS and Audio,Carrier,RX Squelch Mode,450,NONE,NONE,Middle,High,Aways Allow,Analog Sys 1,Off,60,0,0,180,None,Off,Off
219,Spare Edit 60,Normal,12.5,Personality 1,None,Off,Off,Off,Off,Off,450,NONE,NONE,Middle,CTCSS/CDCSS and Audio,Carrier,RX Squelch Mode,450,NONE,NONE,Middle,High,Aways Allow,Analog Sys 1,Off,60,0,0,180,None,Off,Off
220,Spare Edit 61,Normal,12.5,Personality 1,None,Off,Off,Off,Off,Off,450,NONE,NONE,Middle,CTCSS/CDCSS and Audio,Carrier,RX Squelch Mode,450,NONE,NONE,Middle,High,Aways Allow,Analog Sys 1,Off,60,0,0,180,None,Off,Off
221,Spare Edit 62,Normal,12.5,Personality 1,None,Off,Off,Off,Off,Off,450,NONE,NONE,Middle,CTCSS/CDCSS and Audio,Carrier,RX Squelch Mode,450,NONE,NONE,Middle,High,Aways Allow,Analog Sys 1,Off,60,0,0,180,None,Off,Off
222,Spare Edit 63,Normal,12.5,Personality 1,None,Off,Off,Off,Off,Off,450,NONE,NONE,Middle,CTCSS/CDCSS and Audio,Carrier,RX Squelch Mode,450,NONE,NONE,Middle,High,Aways Allow,Analog Sys 1,Off,60,0,0,180,None,Off,Off
223,Spare Edit 64,Normal,12.5,Personality 1,None,Off,Off,Off,Off,Off,450,NONE,NONE,Middle,CTCSS/CDCSS and Audio,Carrier,RX Squelch Mode,450,NONE,NONE,Middle,High,Aways Allow,Analog Sys 1,Off,60,0,0,180,None,Off,Off
224,Spare Analyze 01,Normal,12.5,Personality 1,None,Off,Off,Off,Off,Off,450,NONE,NONE,Middle,CTCSS/CDCSS and Audio,Carrier,RX Squelch Mode,450,NONE,NONE,Middle,High,Aways Allow,Analog Sys 1,Off,60,0,0,180,None,Off,Off
225,Spare Analyze 02,Normal,12.5,Personality 1,None,Off,Off,Off,Off,Off,450,NONE,NONE,Middle,CTCSS/CDCSS and Audio,Carrier,RX Squelch Mode,450,NONE,NONE,Middle,High,Aways Allow,Analog Sys 1,Off,60,0,0,180,None,Off,Off
226,Spare Analyze 03,Normal,12.5,Personality 1,None,Off,Off,Off,Off,Off,450,NONE,NONE,Middle,CTCSS/CDCSS and Audio,Carrier,RX Squelch Mode,450,NONE,NONE,Middle,High,Aways Allow,Analog Sys 1,Off,60,0,0,180,None,Off,Off
227,Spare Analyze 04,Normal,12.5,Personality 1,None,Off,Off,Off,Off,Off,450,NONE,NONE,Middle,CTCSS/CDCSS and Audio,Carrier,RX Squelch Mode,450,NONE,NONE,Middle,High,Aways Allow,Analog Sys 1,Off,60,0,0,180,None,Off,Off
228,Spare Analyze 05,Normal,12.5,Personality 1,None,Off,Off,Off,Off,Off,450,NONE,NONE,Middle,CTCSS/CDCSS and Audio,Carrier,RX Squelch Mode,450,NONE,NONE,Middle,High,Aways Allow,Analog Sys 1,Off,60,0,0,180,None,Off,Off
229,Spare Analyze 06,Normal,12.5,Personality 1,None,Off,Off,Off,Off,Off,450,NONE,NONE,Middle,CTCSS/CDCSS and Audio,Carrier,RX Squelch Mode,450,NONE,NONE,Middle,High,Aways Allow,Analog Sys 1,Off,60,0,0,180,None,Off,Off
230,Spare Analyze 07,Normal,12.5,Personality 1,None,Off,Off,Off,Off,Off,450,NONE,NONE,Middle,CTCSS/CDCSS and Audio,Carrier,RX Squelch Mode,450,NONE,NONE,Middle,High,Aways Allow,Analog Sys 1,Off,60,0,0,180,None,Off,Off
231,Spare Analyze 08,Normal,12.5,Personality 1,None,Off,Off,Off,Off,Off,450,NONE,NONE,Middle,CTCSS/CDCSS and Audio,Carrier,RX Squelch Mode,450,NONE,NONE,Middle,High,Aways Allow,Analog Sys 1,Off,60,0,0,180,None,Off,Off
232,Spare Analyze 09,Normal,12.5,Personality 1,None,Off,Off,Off,Off,Off,450,NONE,NONE,Middle,CTCSS/CDCSS and Audio,Carrier,RX Squelch Mode,450,NONE,NONE,Middle,High,Aways Allow,Analog Sys 1,Off,60,0,0,180,None,Off,Off
233,Spare Analyze 10,Normal,12.5,Personality 1,None,Off,Off,Off,Off,Off,450,NONE,NONE,Middle,CTCSS/CDCSS and Audio,Carrier,RX Squelch Mode,450,NONE,NONE,Middle,High,Aways Allow,Analog Sys 1,Off,60,0,0,180,None,Off,Off
234,Spare Analyze 11,Normal,12.5,Personality 1,None,Off,Off,Off,Off,Off,450,NONE,NONE,Middle,CTCSS/CDCSS and Audio,Carrier,RX Squelch Mode,450,NONE,NONE,Middle,High,Aways Allow,Analog Sys 1,Off,60,0,0,180,None,Off,Off
235,Spare Analyze 12,Normal,12.5,Personality 1,None,Off,Off,Off,Off,Off,450,NONE,NONE,Middle,CTCSS/CDCSS and Audio,Carrier,RX Squelch Mode,450,NONE,NONE,Middle,High,Aways Allow,Analog Sys 1,Off,60,0,0,180,None,Off,Off
236,Spare Analyze 13,Normal,12.5,Personality 1,None,Off,Off,Off,Off,Off,450,NONE,NONE,Middle,CTCSS/CDCSS and Audio,Carrier,RX Squelch Mode,450,NONE,NONE,Middle,High,Aways Allow,Analog Sys 1,Off,60,0,0,180,None,Off,Off
237,Spare Analyze 14,Normal,12.5,Personality 1,None,Off,Off,Off,Off,Off,450,NONE,NONE,Middle,CTCSS/CDCSS and Audio,Carrier,RX Squelch Mode,450,NONE,NONE,Middle,High,Aways Allow,Analog Sys 1,Off,60,0,0,180,None,Off,Off
238,Spare Analyze 15,Normal,12.5,Personality 1,None,Off,Off,Off,Off,Off,450,NONE,NONE,Middle,CTCSS/CDCSS and Audio,Carrier,RX Squelch Mode,450,NONE,NONE,Middle,High,Aways Allow,Analog Sys 1,Off,60,0,0,180,None,Off,Off
239,Spare Analyze 16,Normal,12.5,Personality 1,None,Off,Off,Off,Off,Off,450,NONE,NONE,Middle,CTCSS/CDCSS and Audio,Carrier,RX Squelch Mode,450,NONE,NONE,Middle,High,Aways Allow,Analog Sys 1,Off,60,0,0,180,None,Off,Off
240,Spare Analyze 17,Normal,12.5,Personality 1,None,Off,Off,Off,Off,Off,450,NONE,NONE,Middle,CTCSS/CDCSS and Audio,Carrier,RX Squelch Mode,450,NONE,NONE,Middle,High,Aways Allow,Analog Sys 1,Off,60,0,0,180,None,Off,Off
241,Spare Analyze 18,Normal,12.5,Personality 1,None,Off,Off,Off,Off,Off,450,NONE,NONE,Middle,CTCSS/CDCSS and Audio,Carrier,RX Squelch Mode,450,NONE,NONE,Middle,High,Aways Allow,Analog Sys 1,Off,60,0,0,180,None,Off,Off
242,Spare Analyze 19,Normal,12.5,Personality 1,None,Off,Off,Off,Off,Off,450,NONE,NONE,Middle,CTCSS/CDCSS and Audio,Carrier,RX Squelch Mode,450,NONE,NONE,Middle,High,Aways Allow,Analog Sys 1,Off,60,0,0,180,None,Off,Off
243,Spare Analyze 20,Normal,12.5,Personality 1,None,Off,Off,Off,Off,Off,450,NONE,NONE,Middle,CTCSS/CDCSS and Audio,Carrier,RX Squelch Mode,450,NONE,NONE,Middle,High,Aways Allow,Analog Sys 1,Off,60,0,0,180,None,Off,Off
244,Spare Analyze 21,Normal,12.5,Personality 1,None,Off,Off,Off,Off,Off,450,NONE,NONE,Middle,CTCSS/CDCSS and Audio,Carrier,RX Squelch Mode,450,NONE,NONE,Middle,High,Aways Allow,Analog Sys 1,Off,60,0,0,180,None,Off,Off
245,Spare Analyze 22,Normal,12.5,Personality 1,None,Off,Off,Off,Off,Off,450,NONE,NONE,Middle,CTCSS/CDCSS and Audio,Carrier,RX Squelch Mode,450,NONE,NONE,Middle,High,Aways Allow,Analog Sys 1,Off,60,0,0,180,None,Off,Off
246,Spare Analyze 23,Normal,12.5,Personality 1,None,Off,Off,Off,Off,Off,450,NONE,NONE,Middle,CTCSS/CDCSS and Audio,Carrier,RX Squelch Mode,450,NONE,NONE,Middle,High,Aways Allow,Analog Sys 1,Off,60,0,0,180,None,Off,Off
247,Spare Analyze 24,Normal,12.5,Personality 1,None,Off,Off,Off,Off,Off,450,NONE,NONE,Middle,CTCSS/CDCSS and Audio,Carrier,RX Squelch Mode,450,NONE,NONE,Middle,High,Aways Allow,Analog Sys 1,Off,60,0,0,180,None,Off,Off
248,Spare Analyze 25,Normal,12.5,Personality 1,None,Off,Off,Off,Off,Off,450,NONE,NONE,Middle,CTCSS/CDCSS and Audio,Carrier,RX Squelch Mode,450,NONE,NONE,Middle,High,Aways Allow,Analog Sys 1,Off,60,0,0,180,None,Off,Off
249,Spare Analyze 26,Normal,12.5,Personality 1,None,Off,Off,Off,Off,Off,450,NONE,NONE,Middle,CTCSS/CDCSS and Audio,Carrier,RX Squelch Mode,450,NONE,NONE,Middle,High,Aways Allow,Analog Sys 1,Off,60,0,0,180,None,Off,Off
250,Spare Analyze 27,Normal,12.5,Personality 1,None,Off,Off,Off,Off,Off,450,NONE,NONE,Middle,CTCSS/CDCSS and Audio,Carrier,RX Squelch Mode,450,NONE,NONE,Middle,High,Aways Allow,Analog Sys 1,Off,60,0,0,180,None,Off,Off
251,Spare Analyze 28,Normal,12.5,Personality 1,None,Off,Off,Off,Off,Off,450,NONE,NONE,Middle,CTCSS/CDCSS and Audio,Carrier,RX Squelch Mode,450,NONE,NONE,Middle,High,Aways Allow,Analog Sys 1,Off,60,0,0,180,None,Off,Off
252,Spare Analyze 29,Normal,12.5,Personality 1,None,Off,Off,Off,Off,Off,450,NONE,NONE,Middle,CTCSS/CDCSS and Audio,Carrier,RX Squelch Mode,450,NONE,NONE,Middle,High,Aways Allow,Analog Sys 1,Off,60,0,0,180,None,Off,Off
253,Spare Analyze 30,Normal,12.5,Personality 1,None,Off,Off,Off,Off,Off,450,NONE,NONE,Middle,CTCSS/CDCSS and Audio,Carrier,RX Squelch Mode,450,NONE,NONE,Middle,High,Aways Allow,Analog Sys 1,Off,60,0,0,180,None,Off,Off
254,Spare Analyze 31,Normal,12.5,Personality 1,None,Off,Off,Off,Off,Off,450,NONE,NONE,Middle,CTCSS/CDCSS and Audio,Carrier,RX Squelch Mode,450,NONE,NONE,Middle,High,Aways Allow,Analog Sys 1,Off,60,0,0,180,None,Off,Off
255,Spare Analyze 32,Normal,12.5,Personality 1,None,Off,Off,Off,Off,Off,450,NONE,NONE,Middle,CTCSS/CDCSS and Audio,Carrier,RX Squelch Mode,450,NONE,NONE,Middle,High,Aways Allow,Analog Sys 1,Off,60,0,0,180,None,Off,Off
256,Spare Analyze 33,Normal,12.5,Personality 1,None,Off,Off,Off,Off,Off,450,NONE,NONE,Middle,CTCSS/CDCSS and Audio,Carrier,RX Squelch Mode,450,NONE,NONE,Middle,High,Aways Allow,Analog Sys 1,Off,60,0,0,180,None,Off,Off
257,Spare Analyze 34,Normal,12.5,Personality 1,None,Off,Off,Off,Off,Off,450,NONE,NONE,Middle,CTCSS/CDCSS and Audio,Carrier,RX Squelch Mode,450,NONE,NONE,Middle,High,Aways Allow,Analog Sys 1,Off,60,0,0,180,None,Off,Off
258,Spare Analyze 35,Normal,12.5,Personality 1,None,Off,Off,Off,Off,Off,450,NONE,NONE,Middle,CTCSS/CDCSS and Audio,Carrier,RX Squelch Mode,450,NONE,NONE,Middle,High,Aways Allow,Analog Sys 1,Off,60,0,0,180,None,Off,Off
259,Spare Analyze 36,Normal,12.5,Personality 1,None,Off,Off,Off,Off,Off,450,NONE,NONE,Middle,CTCSS/CDCSS and Audio,Carrier,RX Squelch Mode,450,NONE,NONE,Middle,High,Aways Allow,Analog Sys 1,Off,60,0,0,180,None,Off,Off
260,Spare Analyze 37,Normal,12.5,Personality 1,None,Off,Off,Off,Off,Off,450,NONE,NONE,Middle,CTCSS/CDCSS and Audio,Carrier,RX Squelch Mode,450,NONE,NONE,Middle,High,Aways Allow,Analog Sys 1,Off,60,0,0,180,None,Off,Off
261,Spare Analyze 38,Normal,12.5,Personality 1,None,Off,Off,Off,Off,Off,450,NONE,NONE,Middle,CTCSS/CDCSS and Audio,Carrier,RX Squelch Mode,450,NONE,NONE,Middle,High,Aways Allow,Analog Sys 1,Off,60,0,0,180,None,Off,Off
262,Spare Analyze 39,Normal,12.5,Personality 1,None,Off,Off,Off,Off,Off,450,NONE,NONE,Middle,CTCSS/CDCSS and Audio,Carrier,RX Squelch Mode,450,NONE,NONE,Middle,High,Aways Allow,Analog Sys 1,Off,60,0,0,180,None,Off,Off
263,Spare Analyze 40,Normal,12.5,Personality 1,None,Off,Off,Off,Off,Off,450,NONE,NONE,Middle,CTCSS/CDCSS and Audio,Carrier,RX Squelch Mode,450,NONE,NONE,Middle,High,Aways Allow,Analog Sys 1,Off,60,0,0,180,None,Off,Off
264,Spare Analyze 41,Normal,12.5,Personality 1,None,Off,Off,Off,Off,Off,450,NONE,NONE,Middle,CTCSS/CDCSS and Audio,Carrier,RX Squelch Mode,450,NONE,NONE,Middle,High,Aways Allow,Analog Sys 1,Off,60,0,0,180,None,Off,Off
265,Spare Analyze 42,Normal,12.5,Personality 1,None,Off,Off,Off,Off,Off,450,NONE,NONE,Middle,CTCSS/CDCSS and Audio,Carrier,RX Squelch Mode,450,NONE,NONE,Middle,High,Aways Allow,Analog Sys 1,Off,60,0,0,180,None,Off,Off
266,Spare Analyze 43,Normal,12.5,Personality 1,None,Off,Off,Off,Off,Off,450,NONE,NONE,Middle,CTCSS/CDCSS and Audio,Carrier,RX Squelch Mode,450,NONE,NONE,Middle,High,Aways Allow,Analog Sys 1,Off,60,0,0,180,None,Off,Off
267,Spare Analyze 44,Normal,12.5,Personality 1,None,Off,Off,Off,Off,Off,450,NONE,NONE,Middle,CTCSS/CDCSS and Audio,Carrier,RX Squelch Mode,450,NONE,NONE,Middle,High,Aways Allow,Analog Sys 1,Off,60,0,0,180,None,Off,Off
268,Spare Analyze 45,Normal,12.5,Personality 1,None,Off,Off,Off,Off,Off,450,NONE,NONE,Middle,CTCSS/CDCSS and Audio,Carrier,RX Squelch Mode,450,NONE,NONE,Middle,High,Aways Allow,Analog Sys 1,Off,60,0,0,180,None,Off,Off
269,Spare Analyze 46,Normal,12.5,Personality 1,None,Off,Off,Off,Off,Off,450,NONE,NONE,Middle,CTCSS/CDCSS and Audio,Carrier,RX Squelch Mode,450,NONE,NONE,Middle,High,Aways Allow,Analog Sys 1,Off,60,0,0,180,None,Off,Off
270,Spare Analyze 47,Normal,12.5,Personality 1,None,Off,Off,Off,Off,Off,450,NONE,NONE,Middle,CTCSS/CDCSS and Audio,Carrier,RX Squelch Mode,450,NONE,NONE,Middle,High,Aways Allow,Analog Sys 1,Off,60,0,0,180,None,Off,Off
271,Spare Analyze 48,Normal,12.5,Personality 1,None,Off,Off,Off,Off,Off,450,NONE,NONE,Middle,CTCSS/CDCSS and Audio,Carrier,RX Squelch Mode,450,NONE,NONE,Middle,High,Aways Allow,Analog Sys 1,Off,60,0,0,180,None,Off,Off
272,Spare Analyze 49,Normal,12.5,Personality 1,None,Off,Off,Off,Off,Off,450,NONE,NONE,Middle,CTCSS/CDCSS and Audio,Carrier,RX Squelch Mode,450,NONE,NONE,Middle,High,Aways Allow,Analog Sys 1,Off,60,0,0,180,None,Off,Off
273,Spare Analyze 50,Normal,12.5,Personality 1,None,Off,Off,Off,Off,Off,450,NONE,NONE,Middle,CTCSS/CDCSS and Audio,Carrier,RX Squelch Mode,450,NONE,NONE,Middle,High,Aways Allow,Analog Sys 1,Off,60,0,0,180,None,Off,Off
274,Spare Analyze 51,Normal,12.5,Personality 1,None,Off,Off,Off,Off,Off,450,NONE,NONE,Middle,CTCSS/CDCSS and Audio,Carrier,RX Squelch Mode,450,NONE,NONE,Middle,High,Aways Allow,Analog Sys 1,Off,60,0,0,180,None,Off,Off
275,Spare Analyze 52,Normal,12.5,Personality 1,None,Off,Off,Off,Off,Off,450,NONE,NONE,Middle,CTCSS/CDCSS and Audio,Carrier,RX Squelch Mode,450,NONE,NONE,Middle,High,Aways Allow,Analog Sys 1,Off,60,0,0,180,None,Off,Off
276,Spare Analyze 53,Normal,12.5,Personality 1,None,Off,Off,Off,Off,Off,450,NONE,NONE,Middle,CTCSS/CDCSS and Audio,Carrier,RX Squelch Mode,450,NONE,NONE,Middle,High,Aways Allow,Analog Sys 1,Off,60,0,0,180,None,Off,Off
277,Spare Analyze 54,Normal,12.5,Personality 1,None,Off,Off,Off,Off,Off,450,NONE,NONE,Middle,CTCSS/CDCSS and Audio,Carrier,RX Squelch Mode,450,NONE,NONE,Middle,High,Aways Allow,Analog Sys 1,Off,60,0,0,180,None,Off,Off
278,Spare Analyze 55,Normal,12.5,Personality 1,None,Off,Off,Off,Off,Off,450,NONE,NONE,Middle,CTCSS/CDCSS and Audio,Carrier,RX Squelch Mode,450,NONE,NONE,Middle,High,Aways Allow,Analog Sys 1,Off,60,0,0,180,None,Off,Off
279,Spare Analyze 56,Normal,12.5,Personality 1,None,Off,Off,Off,Off,Off,450,NONE,NONE,Middle,CTCSS/CDCSS and Audio,Carrier,RX Squelch Mode,450,NONE,NONE,Middle,High,Aways Allow,Analog Sys 1,Off,60,0,0,180,None,Off,Off
280,Spare Analyze 57,Normal,12.5,Personality 1,None,Off,Off,Off,Off,Off,450,NONE,NONE,Middle,CTCSS/CDCSS and Audio,Carrier,RX Squelch Mode,450,NONE,NONE,Middle,High,Aways Allow,Analog Sys 1,Off,60,0,0,180,None,Off,Off
281,Spare Analyze 58,Normal,12.5,Personality 1,None,Off,Off,Off,Off,Off,450,NONE,NONE,Middle,CTCSS/CDCSS and Audio,Carrier,RX Squelch Mode,450,NONE,NONE,Middle,High,Aways Allow,Analog Sys 1,Off,60,0,0,180,None,Off,Off
282,Spare Analyze 59,Normal,12.5,Personality 1,None,Off,Off,Off,Off,Off,450,NONE,NONE,Middle,CTCSS/CDCSS and Audio,Carrier,RX Squelch Mode,450,NONE,NONE,Middle,High,Aways Allow,Analog Sys 1,Off,60,0,0,180,None,Off,Off
283,Spare Analyze 60,Normal,12.5,Personality 1,None,Off,Off,Off,Off,Off,450,NONE,NONE,Middle,CTCSS/CDCSS and Audio,Carrier,RX Squelch Mode,450,NONE,NONE,Middle,High,Aways Allow,Analog Sys 1,Off,60,0,0,180,None,Off,Off
284,Spare Analyze 61,Normal,12.5,Personality 1,None,Off,Off,Off,Off,Off,450,NONE,NONE,Middle,CTCSS/CDCSS and Audio,Carrier,RX Squelch Mode,450,NONE,NONE,Middle,High,Aways Allow,Analog Sys 1,Off,60,0,0,180,None,Off,Off
285,Spare Analyze 62,Normal,12.5,Personality 1,None,Off,Off,Off,Off,Off,450,NONE,NONE,Middle,CTCSS/CDCSS and Audio,Carrier,RX Squelch Mode,450,NONE,NONE,Middle,High,Aways Allow,Analog Sys 1,Off,60,0,0,180,None,Off,Off
286,Spare Analyze 63,Normal,12.5,Personality 1,None,Off,Off,Off,Off,Off,450,NONE,NONE,Middle,CTCSS/CDCSS and Audio,Carrier,RX Squelch Mode,450,NONE,NONE,Middle,High,Aways Allow,Analog Sys 1,Off,60,0,0,180,None,Off,Off
287,Spare Analyze 64,Normal,12.5,Personality 1,None,Off,Off,Off,Off,Off,450,NONE,NONE,Middle,CTCSS/CDCSS and Audio,Carrier,RX Squelch Mode,450,NONE,NONE,Middle,High,Aways Allow,Analog Sys 1,Off,60,0,0,180,None,Off,Off
288,ACH 1,Normal,12.5,Personality 1,None,Off,Off,Off,Off,Off,400,NONE,NONE,Middle,CTCSS/CDCSS and Audio,Carrier,RX Squelch Mode,400,NONE,NONE,Middle,High,Aways Allow,Analog Sys 1,Off,60,0,0,180,None,Off,Off
